family,dim,n_train,seed,model,nrmse,time,error
gp_short,1,300,0,tabicl_released,0.13100813958377164,2.137122869491577,
gp_short,1,300,0,tabicl_m,0.11588676444993738,0.3569483757019043,
gp_short,1,300,1,tabicl_released,0.03500525775514773,0.2808372974395752,
gp_short,1,300,1,tabicl_m,0.03377954920293432,0.3025503158569336,
gp_short,1,300,2,tabicl_released,0.01972664742060161,0.22412872314453125,
gp_short,1,300,2,tabicl_m,0.012373275238061003,0.26821446418762207,
gp_short,1,1000,0,tabicl_released,0.01044553833520956,0.24521875381469727,
gp_short,1,1000,0,tabicl_m,0.010880070379745185,0.2905094623565674,
gp_short,1,1000,1,tabicl_released,0.09455327719675283,0.2494189739227295,
gp_short,1,1000,1,tabicl_m,0.09255166945647074,0.290386438369751,
gp_short,1,1000,2,tabicl_released,0.01157106036448758,0.2784090042114258,
gp_short,1,1000,2,tabicl_m,0.011287206127237033,0.29405665397644043,
gp_short,1,3000,0,tabicl_released,0.01587602465536632,0.3107461929321289,
gp_short,1,3000,0,tabicl_m,0.01666719400983657,0.3650240898132324,
gp_short,1,3000,1,tabicl_released,0.09521983022159711,0.2527275085449219,
gp_short,1,3000,1,tabicl_m,0.034076286595415846,0.2918117046356201,
gp_short,1,3000,2,tabicl_released,0.08906286859658236,0.24698686599731445,
gp_short,1,3000,2,tabicl_m,0.03108628778364619,0.29285502433776855,
gp_short,8,300,0,tabicl_released,1.0156902760293205,0.24192023277282715,
gp_short,8,300,0,tabicl_m,1.0140837900090276,0.29123497009277344,
gp_short,8,300,1,tabicl_released,1.006845882761388,0.24282193183898926,
gp_short,8,300,1,tabicl_m,1.0067392503622674,0.2882540225982666,
gp_short,8,300,2,tabicl_released,1.0058283588940482,0.23972654342651367,
gp_short,8,300,2,tabicl_m,1.0063727322562757,0.2811872959136963,
gp_short,8,1000,0,tabicl_released,1.007180241643603,0.27843785285949707,
gp_short,8,1000,0,tabicl_m,1.0054894233489622,0.3226196765899658,
gp_short,8,1000,1,tabicl_released,0.9996937555884587,0.275378942489624,
gp_short,8,1000,1,tabicl_m,1.0002117181876586,0.32184743881225586,
gp_short,8,1000,2,tabicl_released,1.0016819652688334,0.27567410469055176,
gp_short,8,1000,2,tabicl_m,1.0007467809266544,0.31987833976745605,
gp_short,8,3000,0,tabicl_released,1.0005485470279776,0.31458234786987305,
gp_short,8,3000,0,tabicl_m,1.001197625919872,0.3366100788116455,
gp_short,8,3000,1,tabicl_released,0.9999938765785711,0.28699493408203125,
gp_short,8,3000,1,tabicl_m,0.9997019621287896,0.33301448822021484,
gp_short,8,3000,2,tabicl_released,1.000687272592861,0.2979869842529297,
gp_short,8,3000,2,tabicl_m,1.000383969620835,0.34032177925109863,
gp_long,1,300,0,tabicl_released,0.10104737998916047,0.22487187385559082,
gp_long,1,300,0,tabicl_m,0.13087560698889875,0.2706587314605713,
gp_long,1,300,1,tabicl_released,0.015165651928449955,0.22319865226745605,
gp_long,1,300,1,tabicl_m,0.013680301408368947,0.27189207077026367,
gp_long,1,300,2,tabicl_released,0.011075570612040146,0.22218561172485352,
gp_long,1,300,2,tabicl_m,0.011161675089921833,0.2672395706176758,
gp_long,1,1000,0,tabicl_released,0.056184764976003825,0.24330353736877441,
gp_long,1,1000,0,tabicl_m,0.05909269159483164,0.2898719310760498,
gp_long,1,1000,1,tabicl_released,0.010394834310425718,0.24367570877075195,
gp_long,1,1000,1,tabicl_m,0.010874995751272274,0.2894713878631592,
gp_long,1,1000,2,tabicl_released,0.024054217082839634,0.24495148658752441,
gp_long,1,1000,2,tabicl_m,0.012936664168414153,0.29091525077819824,
gp_long,1,3000,0,tabicl_released,0.010412840782721259,0.2467055320739746,
gp_long,1,3000,0,tabicl_m,0.011960772909576221,0.2946624755859375,
gp_long,1,3000,1,tabicl_released,0.016339423478271803,0.2776305675506592,
gp_long,1,3000,1,tabicl_m,0.010676583464115234,0.29657506942749023,
gp_long,1,3000,2,tabicl_released,0.012220983032776925,0.25476598739624023,
gp_long,1,3000,2,tabicl_m,0.011597549305494637,0.2977602481842041,
gp_long,8,300,0,tabicl_released,0.4360064305962664,0.2410261631011963,
gp_long,8,300,0,tabicl_m,0.4544075198113329,0.2884180545806885,
gp_long,8,300,1,tabicl_released,0.5653327914558646,0.2389850616455078,
gp_long,8,300,1,tabicl_m,0.5641410177797334,0.28656768798828125,
gp_long,8,300,2,tabicl_released,0.6216537882638888,0.23981237411499023,
gp_long,8,300,2,tabicl_m,0.6190171916949057,0.28697729110717773,
gp_long,8,1000,0,tabicl_released,0.33066123392770524,0.27539825439453125,
gp_long,8,1000,0,tabicl_m,0.33864682113052397,0.32566356658935547,
gp_long,8,1000,1,tabicl_released,0.3895030025343366,0.2787313461303711,
gp_long,8,1000,1,tabicl_m,0.38122593699145774,0.32284021377563477,
gp_long,8,1000,2,tabicl_released,0.31414770417908955,0.27538347244262695,
gp_long,8,1000,2,tabicl_m,0.32761669519465647,0.3243241310119629,
gp_long,8,3000,0,tabicl_released,0.20625446407990058,0.287182092666626,
gp_long,8,3000,0,tabicl_m,0.19967285205608157,0.33905458450317383,
gp_long,8,3000,1,tabicl_released,0.2041798368192334,0.28684425354003906,
gp_long,8,3000,1,tabicl_m,0.21591978517346516,0.33841490745544434,
gp_long,8,3000,2,tabicl_released,0.22453106693748473,0.3190145492553711,
gp_long,8,3000,2,tabicl_m,0.2263330097799033,0.33896350860595703,
sine_mlp,1,300,0,tabicl_released,0.011361444708331725,0.20654749870300293,
sine_mlp,1,300,0,tabicl_m,0.01479511962946762,0.2665243148803711,
sine_mlp,1,300,1,tabicl_released,0.050957717887875766,0.20389866828918457,
sine_mlp,1,300,1,tabicl_m,0.043126527409113644,0.2665274143218994,
sine_mlp,1,300,2,tabicl_released,0.04137925367635106,0.20333480834960938,
sine_mlp,1,300,2,tabicl_m,0.03869424313349219,0.2664194107055664,
sine_mlp,1,1000,0,tabicl_released,0.010379549580200053,0.22507452964782715,
sine_mlp,1,1000,0,tabicl_m,0.010537906306511748,0.28946447372436523,
sine_mlp,1,1000,1,tabicl_released,0.013963869880684914,0.22584819793701172,
sine_mlp,1,1000,1,tabicl_m,0.01212085584502937,0.29161596298217773,
sine_mlp,1,1000,2,tabicl_released,0.010744042695894414,0.22545719146728516,
sine_mlp,1,1000,2,tabicl_m,0.01175938296084282,0.2920100688934326,
sine_mlp,1,3000,0,tabicl_released,0.018539035474949055,0.22860383987426758,
sine_mlp,1,3000,0,tabicl_m,0.011426144617534639,0.2971475124359131,
sine_mlp,1,3000,1,tabicl_released,0.011096666287131029,0.2303004264831543,
sine_mlp,1,3000,1,tabicl_m,0.012470018399107741,0.2984120845794678,
sine_mlp,1,3000,2,tabicl_released,0.010220829359897236,0.23008489608764648,
sine_mlp,1,3000,2,tabicl_m,0.010658577608743341,0.29614734649658203,
sine_mlp,8,300,0,tabicl_released,0.4392296536700553,0.26029443740844727,
sine_mlp,8,300,0,tabicl_m,0.430292193174609,0.2918124198913574,
sine_mlp,8,300,1,tabicl_released,0.4882468612307693,0.22420787811279297,
sine_mlp,8,300,1,tabicl_m,0.4998589715494537,0.28931164741516113,
sine_mlp,8,300,2,tabicl_released,0.5057670959944305,0.2215137481689453,
sine_mlp,8,300,2,tabicl_m,0.5287698500340954,0.28798389434814453,
sine_mlp,8,1000,0,tabicl_released,0.34419511278513143,0.25853633880615234,
sine_mlp,8,1000,0,tabicl_m,0.3497036750526294,0.3247199058532715,
sine_mlp,8,1000,1,tabicl_released,0.26748855643029745,0.2575831413269043,
sine_mlp,8,1000,1,tabicl_m,0.2780518311273221,0.3246645927429199,
sine_mlp,8,1000,2,tabicl_released,0.3529925435173395,0.2577829360961914,
sine_mlp,8,1000,2,tabicl_m,0.3543197563700853,0.3289327621459961,
sine_mlp,8,3000,0,tabicl_released,0.2764861960790796,0.26944494247436523,
sine_mlp,8,3000,0,tabicl_m,0.2753921187589391,0.3407609462738037,
sine_mlp,8,3000,1,tabicl_released,0.22573140098176278,0.27081775665283203,
sine_mlp,8,3000,1,tabicl_m,0.2395652152789141,0.34074926376342773,
sine_mlp,8,3000,2,tabicl_released,0.1364709265017251,0.27054929733276367,
sine_mlp,8,3000,2,tabicl_m,0.14575342656482448,0.339252233505249,
product,1,300,0,tabicl_released,0.012743141388771868,0.20532584190368652,
product,1,300,0,tabicl_m,0.02216068378607964,0.2680325508117676,
product,1,300,1,tabicl_released,0.011046857729596004,0.24137616157531738,
product,1,300,1,tabicl_m,0.010894980239272142,0.26961541175842285,
product,1,300,2,tabicl_released,0.010280884339314731,0.203993558883667,
product,1,300,2,tabicl_m,0.014585887734813695,0.2685229778289795,
product,1,1000,0,tabicl_released,0.010511586951770705,0.2254645824432373,
product,1,1000,0,tabicl_m,0.010449843576053748,0.28853583335876465,
product,1,1000,1,tabicl_released,0.010206837343325668,0.22537589073181152,
product,1,1000,1,tabicl_m,0.01053452723208901,0.2880115509033203,
product,1,1000,2,tabicl_released,0.010040076657511724,0.22545862197875977,
product,1,1000,2,tabicl_m,0.0103695121405626,0.2882256507873535,
product,1,3000,0,tabicl_released,0.009439359671465435,0.2274777889251709,
product,1,3000,0,tabicl_m,0.009848043076211807,0.2934105396270752,
product,1,3000,1,tabicl_released,0.01018677099801922,0.2301328182220459,
product,1,3000,1,tabicl_m,0.010514155078988206,0.29553651809692383,
product,1,3000,2,tabicl_released,0.010057552392558055,0.22924041748046875,
product,1,3000,2,tabicl_m,0.01034953101406671,0.29440832138061523,
product,8,300,0,tabicl_released,0.10812100613667613,0.22356724739074707,
product,8,300,0,tabicl_m,0.11498937099489996,0.2863295078277588,
product,8,300,1,tabicl_released,0.02827637174304389,0.22053074836730957,
product,8,300,1,tabicl_m,0.03746422955821914,0.287996768951416,
product,8,300,2,tabicl_released,0.22355158601173686,0.2615797519683838,
product,8,300,2,tabicl_m,0.2364879330540082,0.2878439426422119,
product,8,1000,0,tabicl_released,0.04435663564516891,0.2573056221008301,
product,8,1000,0,tabicl_m,0.0420829148958124,0.3271067142486572,
product,8,1000,1,tabicl_released,0.14407484492512754,0.26024580001831055,
product,8,1000,1,tabicl_m,0.14824190162342918,0.32596611976623535,
product,8,1000,2,tabicl_released,0.03059354599024425,0.2641456127166748,
product,8,1000,2,tabicl_m,0.027178633154518156,0.325927734375,
product,8,3000,0,tabicl_released,0.11570814578230443,0.2687032222747803,
product,8,3000,0,tabicl_m,0.11604437969165297,0.33889102935791016,
product,8,3000,1,tabicl_released,0.019942076659945417,0.2700784206390381,
product,8,3000,1,tabicl_m,0.04143355651569696,0.3392207622528076,
product,8,3000,2,tabicl_released,0.059461707860851656,0.27224087715148926,
product,8,3000,2,tabicl_m,0.06053674345036749,0.33892011642456055,
loglinear,1,300,0,tabicl_released,0.06345371822879112,0.20572924613952637,
loglinear,1,300,0,tabicl_m,0.07173312277685377,0.2694733142852783,
loglinear,1,300,1,tabicl_released,0.010719537302910663,0.20295357704162598,
loglinear,1,300,1,tabicl_m,0.011024599770150082,0.2681596279144287,
loglinear,1,300,2,tabicl_released,0.012847151473334846,0.20742559432983398,
loglinear,1,300,2,tabicl_m,0.012480732021984232,0.26892733573913574,
loglinear,1,1000,0,tabicl_released,0.01052903413726597,0.26632237434387207,
loglinear,1,1000,0,tabicl_m,0.011308594341581692,0.2889585494995117,
loglinear,1,1000,1,tabicl_released,0.013103577423556266,0.22579026222229004,
loglinear,1,1000,1,tabicl_m,0.013273775178039071,0.2899649143218994,
loglinear,1,1000,2,tabicl_released,0.10457342964864565,0.22552061080932617,
loglinear,1,1000,2,tabicl_m,0.10433019003366854,0.28879570960998535,
loglinear,1,3000,0,tabicl_released,0.01014205149228858,0.22691583633422852,
loglinear,1,3000,0,tabicl_m,0.010491201703868674,0.294630765914917,
loglinear,1,3000,1,tabicl_released,0.010498252597188121,0.22855758666992188,
loglinear,1,3000,1,tabicl_m,0.011194551923648325,0.29448890686035156,
loglinear,1,3000,2,tabicl_released,0.017010977173977163,0.2294752597808838,
loglinear,1,3000,2,tabicl_m,0.014147446591686187,0.29552555084228516,
loglinear,8,300,0,tabicl_released,0.05862729134392444,0.22241568565368652,
loglinear,8,300,0,tabicl_m,0.065635661047223,0.2861504554748535,
loglinear,8,300,1,tabicl_released,0.38761212065551887,0.2205665111541748,
loglinear,8,300,1,tabicl_m,0.3892686775266283,0.2852976322174072,
loglinear,8,300,2,tabicl_released,0.30284366741067387,0.22262215614318848,
loglinear,8,300,2,tabicl_m,0.30133668691994564,0.28624486923217773,
loglinear,8,1000,0,tabicl_released,0.039931204470260405,0.25739336013793945,
loglinear,8,1000,0,tabicl_m,0.026339183747782453,0.3295252323150635,
loglinear,8,1000,1,tabicl_released,0.1212212096524417,0.3087341785430908,
loglinear,8,1000,1,tabicl_m,0.12631558785621053,0.3309144973754883,
loglinear,8,1000,2,tabicl_released,0.15843208012873072,0.2580738067626953,
loglinear,8,1000,2,tabicl_m,0.1638310396214608,0.32854413986206055,
loglinear,8,3000,0,tabicl_released,0.035239480778666184,0.2691051959991455,
loglinear,8,3000,0,tabicl_m,0.032854103565007536,0.3419461250305176,
loglinear,8,3000,1,tabicl_released,0.28768711182006584,0.280289888381958,
loglinear,8,3000,1,tabicl_m,0.2867695308504518,0.34224462509155273,
loglinear,8,3000,2,tabicl_released,0.026265788856931423,0.27114129066467285,
loglinear,8,3000,2,tabicl_m,0.053617315715381815,0.3412923812866211,
kinematic,1,300,0,tabicl_released,1.0211244207003867,0.20711565017700195,
kinematic,1,300,0,tabicl_m,1.0006526520922914,0.27151060104370117,
kinematic,1,300,1,tabicl_released,1.002476743636967,0.20279765129089355,
kinematic,1,300,1,tabicl_m,1.0022212402154158,0.27025723457336426,
kinematic,1,300,2,tabicl_released,1.0060932984168536,0.20244169235229492,
kinematic,1,300,2,tabicl_m,1.003934536775262,0.26708173751831055,
kinematic,1,1000,0,tabicl_released,1.0060762534671166,0.2250659465789795,
kinematic,1,1000,0,tabicl_m,1.0032516640622695,0.290499210357666,
kinematic,1,1000,1,tabicl_released,1.0016666528950982,0.2266862392425537,
kinematic,1,1000,1,tabicl_m,1.0006665498351508,0.29100799560546875,
kinematic,1,1000,2,tabicl_released,1.0010810312344396,0.2675349712371826,
kinematic,1,1000,2,tabicl_m,0.9997033601919969,0.2916085720062256,
kinematic,1,3000,0,tabicl_released,1.0022491594791296,0.228226900100708,
kinematic,1,3000,0,tabicl_m,1.002139334315486,0.29666924476623535,
kinematic,1,3000,1,tabicl_released,1.0025522969803407,0.2311081886291504,
kinematic,1,3000,1,tabicl_m,1.0001901545574847,0.2964038848876953,
kinematic,1,3000,2,tabicl_released,1.0006727548541625,0.22958636283874512,
kinematic,1,3000,2,tabicl_m,1.0004120964778438,0.29682207107543945,
kinematic,8,300,0,tabicl_released,0.49715782972623085,0.22348904609680176,
kinematic,8,300,0,tabicl_m,0.4893592775133229,0.2874107360839844,
kinematic,8,300,1,tabicl_released,0.4249124085045113,0.22022032737731934,
kinematic,8,300,1,tabicl_m,0.44468707999493967,0.28810739517211914,
kinematic,8,300,2,tabicl_released,0.5316149663844432,0.22368478775024414,
kinematic,8,300,2,tabicl_m,0.5177187274824799,0.28721022605895996,
kinematic,8,1000,0,tabicl_released,0.30002372511577424,0.2574160099029541,
kinematic,8,1000,0,tabicl_m,0.32862224978226634,0.32562875747680664,
kinematic,8,1000,1,tabicl_released,0.27468231794199666,0.25725436210632324,
kinematic,8,1000,1,tabicl_m,0.2886627240481963,0.32662129402160645,
kinematic,8,1000,2,tabicl_released,0.3463122243335197,0.2571420669555664,
kinematic,8,1000,2,tabicl_m,0.3358367532450344,0.326474666595459,
kinematic,8,3000,0,tabicl_released,0.2001735310241803,0.31690239906311035,
kinematic,8,3000,0,tabicl_m,0.19807029251383174,0.3432328701019287,
kinematic,8,3000,1,tabicl_released,0.1938898765322568,0.2702798843383789,
kinematic,8,3000,1,tabicl_m,0.2076766719597678,0.34015440940856934,
kinematic,8,3000,2,tabicl_released,0.1766457242966634,0.27141427993774414,
kinematic,8,3000,2,tabicl_m,0.17899931124484744,0.3403282165527344,
step,1,300,0,tabicl_released,0.046939589989848235,0.20585966110229492,
step,1,300,0,tabicl_m,0.04317336308564029,0.26747608184814453,
step,1,300,1,tabicl_released,0.0340723869678528,0.20584392547607422,
step,1,300,1,tabicl_m,0.04688813043120483,0.26695990562438965,
step,1,300,2,tabicl_released,0.052666922154246475,0.2025468349456787,
step,1,300,2,tabicl_m,0.054087984203709194,0.26778697967529297,
step,1,1000,0,tabicl_released,0.039773808772215306,0.2263200283050537,
step,1,1000,0,tabicl_m,0.060458328763125874,0.29018235206604004,
step,1,1000,1,tabicl_released,0.08437685134906621,0.22861433029174805,
step,1,1000,1,tabicl_m,0.07404240643269269,0.29236340522766113,
step,1,1000,2,tabicl_released,0.050008382000435544,0.22652339935302734,
step,1,1000,2,tabicl_m,0.049230706139381325,0.2916431427001953,
step,1,3000,0,tabicl_released,0.011888553597297097,0.23315167427062988,
step,1,3000,0,tabicl_m,0.026397323626625512,0.29642796516418457,
step,1,3000,1,tabicl_released,0.029064599182775205,0.27199673652648926,
step,1,3000,1,tabicl_m,0.050709959298525314,0.2967815399169922,
step,1,3000,2,tabicl_released,0.016658291630096245,0.22897028923034668,
step,1,3000,2,tabicl_m,0.042420387944885264,0.2937495708465576,
step,8,300,0,tabicl_released,0.19907173862628147,0.2214045524597168,
step,8,300,0,tabicl_m,0.20690293356938624,0.29215168952941895,
step,8,300,1,tabicl_released,0.23442506504310123,0.221099853515625,
step,8,300,1,tabicl_m,0.24663666121015107,0.28772568702697754,
step,8,300,2,tabicl_released,0.16636079761170813,0.22442626953125,
step,8,300,2,tabicl_m,0.16646956078943187,0.28885316848754883,
step,8,1000,0,tabicl_released,0.1357290883400395,0.2577214241027832,
step,8,1000,0,tabicl_m,0.14703248638976124,0.3262631893157959,
step,8,1000,1,tabicl_released,0.0950024885044679,0.2597215175628662,
step,8,1000,1,tabicl_m,0.09945415897568435,0.3271360397338867,
step,8,1000,2,tabicl_released,0.07743258139706265,0.25821661949157715,
step,8,1000,2,tabicl_m,0.08135698734945872,0.32843923568725586,
step,8,3000,0,tabicl_released,0.06912747924019763,0.2700512409210205,
step,8,3000,0,tabicl_m,0.07493485010378305,0.33931684494018555,
step,8,3000,1,tabicl_released,0.0791596068108016,0.27051711082458496,
step,8,3000,1,tabicl_m,0.10978127529861761,0.3417479991912842,
step,8,3000,2,tabicl_released,0.11193419442291105,0.31036853790283203,
step,8,3000,2,tabicl_m,0.11635057108000806,0.3406553268432617,
linear_noisy,1,300,0,tabicl_released,0.4579652048306659,0.20616817474365234,
linear_noisy,1,300,0,tabicl_m,0.4582828059013989,0.2659878730773926,
linear_noisy,1,300,1,tabicl_released,0.4357235084118106,0.20415520668029785,
linear_noisy,1,300,1,tabicl_m,0.43680696456890117,0.267012357711792,
linear_noisy,1,300,2,tabicl_released,0.4338699718695689,0.20209074020385742,
linear_noisy,1,300,2,tabicl_m,0.43420211431344313,0.2680974006652832,
linear_noisy,1,1000,0,tabicl_released,0.4565775155045426,0.22483205795288086,
linear_noisy,1,1000,0,tabicl_m,0.4577476970826113,0.28811144828796387,
linear_noisy,1,1000,1,tabicl_released,0.4373867120585727,0.2244729995727539,
linear_noisy,1,1000,1,tabicl_m,0.4383778705971582,0.295454740524292,
linear_noisy,1,1000,2,tabicl_released,0.43071817943209584,0.22382068634033203,
linear_noisy,1,1000,2,tabicl_m,0.43286359415605413,0.2898828983306885,
linear_noisy,1,3000,0,tabicl_released,0.4578952009387822,0.22720575332641602,
linear_noisy,1,3000,0,tabicl_m,0.4577097626034571,0.29430389404296875,
linear_noisy,1,3000,1,tabicl_released,0.4534629630680983,0.2281661033630371,
linear_noisy,1,3000,1,tabicl_m,0.45394818718269636,0.29495811462402344,
linear_noisy,1,3000,2,tabicl_released,0.42089240527634497,0.22948217391967773,
linear_noisy,1,3000,2,tabicl_m,0.4212445285826861,0.29609227180480957,
linear_noisy,8,300,0,tabicl_released,0.4756879223212034,0.26390504837036133,
linear_noisy,8,300,0,tabicl_m,0.47407116812168354,0.2876918315887451,
linear_noisy,8,300,1,tabicl_released,0.4762909572789277,0.22113037109375,
linear_noisy,8,300,1,tabicl_m,0.4750634818274551,0.2868368625640869,
linear_noisy,8,300,2,tabicl_released,0.47607901921805174,0.22026515007019043,
linear_noisy,8,300,2,tabicl_m,0.4763564508598014,0.2868638038635254,
linear_noisy,8,1000,0,tabicl_released,0.460262398716092,0.25582051277160645,
linear_noisy,8,1000,0,tabicl_m,0.46116819689560495,0.3248414993286133,
linear_noisy,8,1000,1,tabicl_released,0.47149195610436423,0.25606870651245117,
linear_noisy,8,1000,1,tabicl_m,0.47133972027969084,0.3259236812591553,
linear_noisy,8,1000,2,tabicl_released,0.4369920025367068,0.2570769786834717,
linear_noisy,8,1000,2,tabicl_m,0.439233323423063,0.32515549659729004,
linear_noisy,8,3000,0,tabicl_released,0.42869303589370966,0.26894617080688477,
linear_noisy,8,3000,0,tabicl_m,0.4284641852473011,0.3399009704589844,
linear_noisy,8,3000,1,tabicl_released,0.4286122622516738,0.2700676918029785,
linear_noisy,8,3000,1,tabicl_m,0.4301042477174219,0.3390944004058838,
linear_noisy,8,3000,2,tabicl_released,0.4430188157968683,0.2716097831726074,
linear_noisy,8,3000,2,tabicl_m,0.4431628451607701,0.33928394317626953,
