dataset,task,n_train,n_features,mechanism,rate,actual_rate,seed,split,held_out_source,model,seconds,error,acc,logloss,auc,rmse,r2,coverage80,width80
breast_cancer,classification,398,30,none,0.0,0.0,0,random,,tabpfn,2.080500364303589,,0.9824561403508771,0.0674678322873303,0.9964953271028038,,,,
breast_cancer,classification,281,30,block,0.3,0.25061511423550087,0,source,0.0,tabpfn,0.22179436683654785,,0.9618055555555556,0.13131842363104732,0.9890946502057613,,,,
breast_cancer,classification,453,30,block,0.5,0.49279437609841825,0,source,2.0,tabpfn,0.2097947597503662,,0.9310344827586207,0.1696721454747624,0.9850270786874801,,,,
breast_cancer,classification,281,30,block_shift,0.3,0.2662565905096661,0,source,0.0,tabpfn,0.20316362380981445,,0.9097222222222222,0.23281470947451055,0.9819187242798354,,,,
breast_cancer,classification,453,30,block_shift,0.5,0.48728763913298184,0,source,2.0,tabpfn,0.19974517822265625,,0.8879310344827587,0.22798598138640458,0.9710098757566104,,,,
breast_cancer,classification,398,30,none,0.0,0.0,1,random,,tabpfn,0.19884490966796875,,0.9649122807017544,0.10193520996880176,0.9915303738317757,,,,
breast_cancer,classification,373,30,block,0.3,0.2886350322202695,1,source,0.0,tabpfn,0.19874930381774902,,0.9744897959183674,0.1154478248618417,0.9881578947368421,,,,
breast_cancer,classification,366,30,block,0.5,0.47855887521968365,1,source,0.0,tabpfn,0.19981122016906738,,0.896551724137931,0.25997612320446123,0.9676706827309237,,,,
breast_cancer,classification,373,30,block_shift,0.3,0.3,1,source,0.0,tabpfn,0.19882869720458984,,0.9489795918367347,0.20485886821193597,0.9782894736842105,,,,
breast_cancer,classification,366,30,block_shift,0.5,0.44499121265377856,1,source,0.0,tabpfn,0.19909334182739258,,0.9211822660098522,0.22032356078037435,0.9829819277108434,,,,
breast_cancer,classification,398,30,none,0.0,0.0,2,random,,tabpfn,0.19795584678649902,,0.9824561403508771,0.03857650184645671,0.9995619158878505,,,,
breast_cancer,classification,289,30,block,0.3,0.26719390743995314,2,source,1.0,tabpfn,0.2019810676574707,,0.9285714285714286,0.23287556456649636,0.9802433247200688,,,,
breast_cancer,classification,395,30,block,0.5,0.4555360281195079,2,source,2.0,tabpfn,0.19857168197631836,,0.9425287356321839,0.27861764316770526,0.9810606060606061,,,,
breast_cancer,classification,289,30,block_shift,0.3,0.2338605741066198,2,source,1.0,tabpfn,0.19958806037902832,,0.9571428571428572,0.14104699139165597,0.9897179155900085,,,,
breast_cancer,classification,395,30,block_shift,0.5,0.46397188049209137,2,source,2.0,tabpfn,0.19817352294921875,,0.8850574712643678,0.2529166623227645,0.9783950617283951,,,,
breast_cancer,classification,398,30,none,0.0,0.0,3,random,,tabpfn,0.19805479049682617,,0.9590643274853801,0.0885288769885377,0.9944509345794392,,,,
breast_cancer,classification,407,30,block,0.3,0.29086115992970124,3,source,3.0,tabpfn,0.1999058723449707,,0.9012345679012346,0.229870402563968,0.9619341563786008,,,,
breast_cancer,classification,369,30,block,0.5,0.4561218512009373,3,source,2.0,tabpfn,0.2001781463623047,,0.935,0.22421852241475215,0.9720959073997519,,,,
breast_cancer,classification,407,30,block_shift,0.3,0.3,3,source,3.0,tabpfn,0.2011880874633789,,0.9506172839506173,0.12987342696892837,0.9837105624142661,,,,
breast_cancer,classification,369,30,block_shift,0.5,0.4666666666666667,3,source,2.0,tabpfn,0.19904184341430664,,0.895,0.3131336951075611,0.968995452666391,,,,
breast_cancer,classification,398,30,none,0.0,0.0,4,random,,tabpfn,0.19836211204528809,,0.9883040935672515,0.03383021345339607,0.9997079439252337,,,,
breast_cancer,classification,377,30,block,0.3,0.3,4,source,0.0,tabpfn,0.20237445831298828,,0.9635416666666666,0.1257997167708145,0.9910784867306607,,,,
breast_cancer,classification,452,30,block,0.5,0.49420035149384883,4,source,2.0,tabpfn,0.2013850212097168,,0.9572649572649573,0.12353420760080268,0.995679012345679,,,,
breast_cancer,classification,377,30,block_shift,0.3,0.28886936145284126,4,source,0.0,tabpfn,0.19914841651916504,,0.921875,0.2104349106470138,0.9696216826651609,,,,
breast_cancer,classification,452,30,block_shift,0.5,0.4884007029876977,4,source,2.0,tabpfn,0.20107555389404297,,0.9316239316239316,0.15294061252332067,0.9973765432098766,,,,
wine,classification,124,13,none,0.0,0.0,0,random,,tabpfn,0.18012738227844238,,1.0,0.01717265710807087,1.0,,,,
wine,classification,82,13,block,0.3,0.23076923076923078,0,source,0.0,tabpfn,0.17906522750854492,,0.96875,0.09048222820837575,0.9986248465380867,,,,
wine,classification,131,13,block,0.5,0.46153846153846156,0,source,2.0,tabpfn,0.18097972869873047,,0.9787234042553191,0.08707965061432657,1.0,,,,
wine,classification,82,13,block_shift,0.3,0.2722558340535869,0,source,0.0,tabpfn,0.1797618865966797,,0.8854166666666666,0.21642574813178103,0.9932104579583325,,,,
wine,classification,131,13,block_shift,0.5,0.46153846153846156,0,source,2.0,tabpfn,0.17972230911254883,,0.8297872340425532,0.33705081521241753,0.9737484737484737,,,,
wine,classification,124,13,none,0.0,0.0,1,random,,tabpfn,0.17916154861450195,,0.9814814814814815,0.037681687145616226,1.0,,,,
wine,classification,116,13,block,0.3,0.2808988764044944,1,source,0.0,tabpfn,0.18397855758666992,,0.8870967741935484,0.31507212316456573,0.9909382284382283,,,,
wine,classification,116,13,block,0.5,0.4347450302506482,1,source,0.0,tabpfn,0.18454432487487793,,0.7580645161290323,0.592817314093034,0.9870377884803009,,,,
wine,classification,116,13,block_shift,0.3,0.3076923076923077,1,source,0.0,tabpfn,0.18041110038757324,,0.8548387096774194,0.3487163581707819,0.9874759499759499,,,,
wine,classification,116,13,block_shift,0.5,0.4105445116681072,1,source,0.0,tabpfn,0.18180203437805176,,0.7258064516129032,0.748890375335179,0.9413589961121581,,,,
wine,classification,124,13,none,0.0,0.0,2,random,,tabpfn,0.2331843376159668,,0.9814814814814815,0.08128152319178034,0.998523595745818,,,,
wine,classification,93,13,block,0.3,0.23076923076923078,2,source,1.0,tabpfn,0.1795964241027832,,0.9882352941176471,0.06581524929499454,0.9984032871442072,,,,
wine,classification,116,13,block,0.5,0.4407951598962835,2,source,0.0,tabpfn,0.1832752227783203,,0.8548387096774194,0.32144047259550174,0.9863698313698314,,,,
wine,classification,93,13,block_shift,0.3,0.27095937770095074,2,source,1.0,tabpfn,0.18309354782104492,,0.7529411764705882,0.6635512179845767,0.9668010418726114,,,,
wine,classification,116,13,block_shift,0.5,0.40535868625756266,2,source,0.0,tabpfn,0.1835944652557373,,0.6129032258064516,0.9821004361091067,0.9054660625248862,,,,
wine,classification,124,13,none,0.0,0.0,3,random,,tabpfn,0.18342041969299316,,1.0,0.01087832867263647,1.0,,,,
wine,classification,127,13,block,0.3,0.3076923076923077,3,source,3.0,tabpfn,0.18099260330200195,,0.8823529411764706,0.2765898719757014,0.9892416225749558,,,,
wine,classification,119,13,block,0.5,0.439066551426102,3,source,1.0,tabpfn,0.18306589126586914,,0.8983050847457628,0.25832327650657677,0.9855598298070758,,,,
wine,classification,127,13,block_shift,0.3,0.28565254969749354,3,source,3.0,tabpfn,0.18007111549377441,,0.9019607843137255,0.19489268538875018,0.9989417989417989,,,,
wine,classification,119,13,block_shift,0.5,0.4070872947277442,3,source,1.0,tabpfn,0.18161606788635254,,0.8813559322033898,0.32390797266808613,0.9832915622389308,,,,
wine,classification,124,13,none,0.0,0.0,4,random,,tabpfn,0.18007278442382812,,0.9814814814814815,0.07061470548077435,1.0,,,,
wine,classification,126,13,block,0.3,0.3076923076923077,4,source,1.0,tabpfn,0.18018364906311035,,0.5192307692307693,1.0770668832333512,0.9158212046079693,,,,
wine,classification,151,13,block,0.5,0.46153846153846156,4,source,1.0,tabpfn,0.17999649047851562,,0.9259259259259259,0.14259910021416278,1.0,,,,
wine,classification,126,13,block_shift,0.3,0.3076923076923077,4,source,1.0,tabpfn,0.18272089958190918,,0.9230769230769231,0.2168320719551925,0.995517221528251,,,,
wine,classification,151,13,block_shift,0.5,0.44727744165946415,4,source,1.0,tabpfn,0.18006348609924316,,0.6666666666666666,0.7645536027443828,0.8334961334961335,,,,
diabetes,regression,309,10,none,0.0,0.0,0,random,,tabpfn,0.324016809463501,,,,,55.45796731137183,0.5003138310223045,,
diabetes,regression,212,10,block,0.3,0.24796380090497738,0,source,0.0,tabpfn,0.2629709243774414,,,,,65.37777073846026,0.3281964645334273,,
diabetes,regression,355,10,block,0.5,0.5,0,source,1.0,tabpfn,0.25323033332824707,,,,,62.66974191239444,0.28622040353589895,,
diabetes,regression,212,10,block_shift,0.3,0.24796380090497738,0,source,0.0,tabpfn,0.30255842208862305,,,,,79.65281471940968,0.002795283817004779,,
diabetes,regression,355,10,block_shift,0.5,0.5,0,source,1.0,tabpfn,0.2482907772064209,,,,,60.0507008672678,0.3446331377296846,,
diabetes,regression,309,10,none,0.0,0.0,1,random,,tabpfn,0.24813532829284668,,,,,57.807309289690686,0.42829934245864376,,
diabetes,regression,309,10,block,0.3,0.3,1,source,1.0,tabpfn,0.24467134475708008,,,,,59.48405151175758,0.3480228563239711,,
diabetes,regression,286,10,block,0.5,0.4339366515837104,1,source,0.0,tabpfn,0.250629186630249,,,,,68.87880764097194,0.1751766886140257,,
diabetes,regression,309,10,block_shift,0.3,0.3,1,source,1.0,tabpfn,0.2787289619445801,,,,,64.79389622380806,0.226430245973278,,
diabetes,regression,286,10,block_shift,0.5,0.4669683257918552,1,source,0.0,tabpfn,0.3023533821105957,,,,,70.7037876807199,0.1308894019175385,,
diabetes,regression,309,10,none,0.0,0.0,2,random,,tabpfn,0.2539393901824951,,,,,56.614423168980984,0.46907699260390145,,
diabetes,regression,211,10,block,0.3,0.20452488687782805,2,source,0.0,tabpfn,0.23813247680664062,,,,,60.10480136873571,0.4033370441260121,,
diabetes,regression,293,10,block,0.5,0.4291855203619909,2,source,0.0,tabpfn,0.23569416999816895,,,,,62.05825984961266,0.3787248467243671,,
diabetes,regression,211,10,block_shift,0.3,0.252262443438914,2,source,0.0,tabpfn,0.2901296615600586,,,,,72.87033363675245,0.12297442374005829,,
diabetes,regression,293,10,block_shift,0.5,0.466289592760181,2,source,0.0,tabpfn,0.23929405212402344,,,,,70.97410444404744,0.18738536306423215,,
diabetes,regression,309,10,none,0.0,0.0,3,random,,tabpfn,0.24488377571105957,,,,,51.427986737940756,0.519669888161223,,
diabetes,regression,345,10,block,0.3,0.3,3,source,2.0,tabpfn,0.24446606636047363,,,,,67.49949022608189,0.317231543144733,,
diabetes,regression,282,10,block,0.5,0.5,3,source,2.0,tabpfn,0.2472996711730957,,,,,64.0892724122068,0.31149559302817664,,
diabetes,regression,345,10,block_shift,0.3,0.3,3,source,2.0,tabpfn,0.2867867946624756,,,,,60.30351014336908,0.45504875684872514,,
diabetes,regression,282,10,block_shift,0.5,0.4690045248868778,3,source,2.0,tabpfn,0.2929391860961914,,,,,70.67698800710544,0.16267875898669226,,
diabetes,regression,309,10,none,0.0,0.0,4,random,,tabpfn,0.24079227447509766,,,,,59.66769760156406,0.4543046478552947,,
diabetes,regression,292,10,block,0.3,0.3,4,source,2.0,tabpfn,0.23877692222595215,,,,,63.4903625765147,0.3089470714133742,,
diabetes,regression,354,10,block,0.5,0.4800904977375566,4,source,0.0,tabpfn,0.2408759593963623,,,,,70.33614136294658,0.10450757174635183,,
diabetes,regression,292,10,block_shift,0.3,0.3,4,source,2.0,tabpfn,0.2641935348510742,,,,,61.66455058703442,0.348121228021828,,
diabetes,regression,354,10,block_shift,0.5,0.4800904977375566,4,source,0.0,tabpfn,0.24135971069335938,,,,,62.354493351613726,0.2962144444500663,,
openml:31,classification,700,20,none,0.0,0.0,0,random,,tabpfn,0.20758795738220215,,0.7633333333333333,0.46567591722819296,0.8308994708994707,,,,
openml:31,classification,503,20,block,0.3,0.25,0,source,0.0,tabpfn,0.2087106704711914,,0.7183098591549296,0.5300395609329365,0.7487512584217455,,,,
openml:31,classification,809,20,block,0.5,0.4794,0,source,4.0,tabpfn,0.207655668258667,,0.7120418848167539,0.5778094084819857,0.6829545454545454,,,,
openml:31,classification,503,20,block_shift,0.3,0.22485,0,source,0.0,tabpfn,0.20427560806274414,,0.6861167002012073,0.5870048298452692,0.6498877100596298,,,,
openml:31,classification,809,20,block_shift,0.5,0.4896,0,source,4.0,tabpfn,0.20588397979736328,,0.7225130890052356,0.5835120356704036,0.630548128342246,,,,
openml:31,classification,700,20,none,0.0,0.0,1,random,,tabpfn,0.2067403793334961,,0.7533333333333333,0.48665211370537825,0.8052116402116403,,,,
openml:31,classification,667,20,block,0.3,0.3,1,source,2.0,tabpfn,0.2076892852783203,,0.7567567567567568,0.5315259513610057,0.7532647661317856,,,,
openml:31,classification,684,20,block,0.5,0.4486,1,source,2.0,tabpfn,0.2036745548248291,,0.6835443037974683,0.5945321164240815,0.6652530841799709,,,,
openml:31,classification,667,20,block_shift,0.3,0.3,1,source,2.0,tabpfn,0.20368313789367676,,0.7117117117117117,0.5495914108429579,0.7429796858996245,,,,
openml:31,classification,684,20,block_shift,0.5,0.4498,1,source,2.0,tabpfn,0.20662593841552734,,0.6867088607594937,0.6069625604833999,0.6192625181422352,,,,
openml:31,classification,700,20,none,0.0,0.0,2,random,,tabpfn,0.21033787727355957,,0.79,0.4673198029985351,0.826005291005291,,,,
openml:31,classification,508,20,block,0.3,0.2746,2,source,1.0,tabpfn,0.20339727401733398,,0.7398373983739838,0.5954257461438413,0.7254159902597404,,,,
openml:31,classification,655,20,block,0.5,0.43385,2,source,0.0,tabpfn,0.2032172679901123,,0.6927536231884058,0.616756844258437,0.6349903288201161,,,,
openml:31,classification,508,20,block_shift,0.3,0.3,2,source,1.0,tabpfn,0.20313596725463867,,0.7154471544715447,0.5934942108612918,0.578216314935065,,,,
openml:31,classification,655,20,block_shift,0.5,0.46645,2,source,0.0,tabpfn,0.20494890213012695,,0.6811594202898551,0.6135383503855238,0.6043326885880077,,,,
openml:31,classification,700,20,none,0.0,0.0,3,random,,tabpfn,0.20500540733337402,,0.7433333333333333,0.5181664744556301,0.7591269841269841,,,,
openml:31,classification,731,20,block,0.3,0.3,3,source,3.0,tabpfn,0.205672025680542,,0.7286245353159851,0.547968795427971,0.7467936261173728,,,,
openml:31,classification,688,20,block,0.5,0.4826,3,source,2.0,tabpfn,0.2031083106994629,,0.7051282051282052,0.6003460599840899,0.635449604743083,,,,
openml:31,classification,731,20,block_shift,0.3,0.3,3,source,3.0,tabpfn,0.20769667625427246,,0.6914498141263941,0.5568068232295655,0.7403808783521182,,,,
openml:31,classification,688,20,block_shift,0.5,0.4844,3,source,2.0,tabpfn,0.2028064727783203,,0.7051282051282052,0.5927730522050171,0.6370306324110672,,,,
openml:31,classification,700,20,none,0.0,0.0,4,random,,tabpfn,0.20317816734313965,,0.7566666666666667,0.4789516010182611,0.807010582010582,,,,
openml:31,classification,653,20,block,0.3,0.3,4,source,1.0,tabpfn,0.20479607582092285,,0.7377521613832853,0.5616821944119551,0.6260516826923077,,,,
openml:31,classification,809,20,block,0.5,0.5,4,source,1.0,tabpfn,0.20586442947387695,,0.6178010471204188,0.6090083937418714,0.7971906199210588,,,,
openml:31,classification,653,20,block_shift,0.3,0.28265,4,source,1.0,tabpfn,0.20275592803955078,,0.729106628242075,0.5300109646768799,0.7376588255494505,,,,
openml:31,classification,809,20,block_shift,0.5,0.4895,4,source,1.0,tabpfn,0.20379877090454102,,0.675392670157068,0.5676340778268301,0.8334687717668912,,,,
openml:1590,classification,2100,14,none,0.0,0.0,0,random,,tabpfn,0.2830624580383301,,0.8711111111111111,0.2974330800065934,0.911763454282391,,,,
openml:1590,classification,1464,14,block,0.3,0.25085714285714283,0,source,1.0,tabpfn,0.2545506954193115,,0.7727864583333334,0.48878467161783706,0.8654779693093517,,,,
openml:1590,classification,2418,14,block,0.5,0.5,0,source,1.0,tabpfn,0.31868934631347656,,0.8487972508591065,0.33908835007092875,0.8801226551226551,,,,
openml:1590,classification,1464,14,block_shift,0.3,0.24914285714285714,0,source,1.0,tabpfn,0.25426626205444336,,0.8072916666666666,0.39960303544576914,0.8783297084219446,,,,
openml:1590,classification,2418,14,block_shift,0.5,0.5,0,source,1.0,tabpfn,0.3290994167327881,,0.8213058419243986,0.4004919239284785,0.8538690476190476,,,,
openml:1590,classification,2100,14,none,0.0,0.0,1,random,,tabpfn,0.28046584129333496,,0.8788888888888889,0.2830451521380677,0.9197814122386452,,,,
openml:1590,classification,1997,14,block,0.3,0.2857142857142857,1,source,1.0,tabpfn,0.27052927017211914,,0.8205383848454636,0.36082358076242327,0.8910629196447909,,,,
openml:1590,classification,1976,14,block,0.5,0.4756190476190476,1,source,0.0,tabpfn,0.2682178020477295,,0.8466796875,0.36779713595546637,0.8776279069767441,,,,
openml:1590,classification,1997,14,block_shift,0.3,0.2857142857142857,1,source,1.0,tabpfn,0.27271461486816406,,0.843469591226321,0.33575796017374704,0.9002517868745938,,,,
openml:1590,classification,1976,14,block_shift,0.5,0.43052380952380953,1,source,0.0,tabpfn,0.2729063034057617,,0.798828125,0.4343309047610265,0.7939173126614987,,,,
openml:1590,classification,2100,14,none,0.0,0.0,2,random,,tabpfn,0.28182172775268555,,0.87,0.283776059252825,0.9199338988340096,,,,
openml:1590,classification,1467,14,block,0.3,0.2507857142857143,2,source,1.0,tabpfn,0.25859808921813965,,0.8193085453359426,0.39813598556761437,0.8557557497479233,,,,
openml:1590,classification,1995,14,block,0.5,0.4522857142857143,2,source,0.0,tabpfn,0.2695584297180176,,0.7721393034825871,0.42695664602859634,0.8156569351280781,,,,
openml:1590,classification,1467,14,block_shift,0.3,0.24921428571428572,2,source,1.0,tabpfn,0.24865174293518066,,0.5055446836268754,0.8800129713215292,0.7536407067748595,,,,
openml:1590,classification,1995,14,block_shift,0.5,0.4525,2,source,0.0,tabpfn,0.26303577423095703,,0.7910447761194029,0.46311888997712997,0.7455825417548283,,,,
openml:1590,classification,2100,14,none,0.0,0.0,3,random,,tabpfn,0.2791097164154053,,0.8533333333333334,0.2990474356173666,0.9113733722942495,,,,
openml:1590,classification,2251,14,block,0.3,0.26811904761904765,3,source,2.0,tabpfn,0.28357887268066406,,0.8317757009345794,0.3560346387657614,0.8867146917573262,,,,
openml:1590,classification,1969,14,block,0.5,0.47545238095238096,3,source,0.0,tabpfn,0.4623894691467285,,0.7982541222114452,0.42557565260532515,0.8211978975266985,,,,
openml:1590,classification,2251,14,block_shift,0.3,0.2857142857142857,3,source,2.0,tabpfn,0.2799081802368164,,0.8210947930574098,0.380327202121183,0.8552484563363716,,,,
openml:1590,classification,1969,14,block_shift,0.5,0.4764047619047619,3,source,0.0,tabpfn,0.2693965435028076,,0.8467507274490785,0.3563934886340526,0.8625959086404081,,,,
openml:1590,classification,2100,14,none,0.0,0.0,4,random,,tabpfn,0.27919864654541016,,0.8688888888888889,0.2867712481449385,0.9189693324633323,,,,
openml:1590,classification,2002,14,block,0.3,0.2857142857142857,4,source,0.0,tabpfn,0.26795101165771484,,0.7985971943887775,0.4213999997764557,0.8366006075509909,,,,
openml:1590,classification,2428,14,block,0.5,0.4852619047619048,4,source,4.0,tabpfn,0.3034827709197998,,0.798951048951049,0.42328103631110114,0.8161497093812808,,,,
openml:1590,classification,2002,14,block_shift,0.3,0.2857142857142857,4,source,0.0,tabpfn,0.26790308952331543,,0.8046092184368737,0.45264387339856726,0.7905106321423405,,,,
openml:1590,classification,2428,14,block_shift,0.5,0.5,4,source,4.0,tabpfn,0.27703118324279785,,0.6818181818181818,0.5103630305250112,0.8259546960725732,,,,
openml:531,regression,354,13,none,0.0,0.0,0,random,,tabpfn,0.25859594345092773,,,,,3.171703837196317,0.8859250742080826,,
openml:531,regression,261,13,block,0.3,0.3076923076923077,0,source,1.0,tabpfn,0.25617408752441406,,,,,7.240104832917595,0.31859015611125097,,
openml:531,regression,397,13,block,0.5,0.46153846153846156,0,source,4.0,tabpfn,0.26215124130249023,,,,,5.073738096491937,0.7592517652152634,,
openml:531,regression,261,13,block_shift,0.3,0.2680145941015506,0,source,1.0,tabpfn,0.3610575199127197,,,,,5.812164286297638,0.5608686356080175,,
openml:531,regression,397,13,block_shift,0.5,0.44588020674977197,0,source,4.0,tabpfn,0.30558276176452637,,,,,6.369947719858379,0.6205288560314219,,
openml:531,regression,354,13,none,0.0,0.0,1,random,,tabpfn,0.2457418441772461,,,,,2.8153161484846083,0.902197853153868,,
openml:531,regression,332,13,block,0.3,0.3076923076923077,1,source,2.0,tabpfn,0.2455596923828125,,,,,4.987329658532459,0.7341112492751038,,
openml:531,regression,341,13,block,0.5,0.46153846153846156,1,source,2.0,tabpfn,0.2852351665496826,,,,,6.061662220694686,0.5328240078572779,,
openml:531,regression,332,13,block_shift,0.3,0.3076923076923077,1,source,2.0,tabpfn,0.25106000900268555,,,,,8.388124964760904,0.2478688149283257,,
openml:531,regression,341,13,block_shift,0.5,0.4107631498935847,1,source,2.0,tabpfn,0.25054216384887695,,,,,8.403465261871041,0.10212915319705085,,
openml:531,regression,354,13,none,0.0,0.0,2,random,,tabpfn,0.24843597412109375,,,,,2.9213225205716356,0.8666254999853085,,
openml:531,regression,245,13,block,0.3,0.233201581027668,2,source,0.0,tabpfn,0.29409289360046387,,,,,4.777625792659969,0.7523251444615073,,
openml:531,regression,337,13,block,0.5,0.46153846153846156,2,source,0.0,tabpfn,0.26463842391967773,,,,,7.154315344144214,0.4016347251441269,,
openml:531,regression,245,13,block_shift,0.3,0.233201581027668,2,source,0.0,tabpfn,0.32665061950683594,,,,,6.502947328331895,0.5411421880967675,,
openml:531,regression,337,13,block_shift,0.5,0.4103070842201277,2,source,0.0,tabpfn,0.2532317638397217,,,,,7.894040338799144,0.27150108884255386,,
openml:531,regression,354,13,none,0.0,0.0,3,random,,tabpfn,0.24541950225830078,,,,,2.5093018516690795,0.9193787609515204,,
openml:531,regression,366,13,block,0.3,0.3076923076923077,3,source,1.0,tabpfn,0.26821446418762207,,,,,4.501966516433779,0.7621426878875399,,
openml:531,regression,322,13,block,0.5,0.46153846153846156,3,source,2.0,tabpfn,0.24155330657958984,,,,,6.29472768272378,0.49890865587465383,,
openml:531,regression,366,13,block_shift,0.3,0.3076923076923077,3,source,1.0,tabpfn,0.27494382858276367,,,,,5.706228852384946,0.6178706844805526,,
openml:531,regression,322,13,block_shift,0.5,0.38172696868349043,3,source,2.0,tabpfn,0.4601452350616455,,,,,7.560665536473614,0.2770919511721278,,
openml:531,regression,354,13,none,0.0,0.0,4,random,,tabpfn,0.24515914916992188,,,,,2.0712422551021743,0.939390441047199,,
openml:531,regression,336,13,block,0.3,0.3076923076923077,4,source,1.0,tabpfn,0.29900646209716797,,,,,6.851654601660271,0.4574586712917439,,
openml:531,regression,388,13,block,0.5,0.46153846153846156,4,source,4.0,tabpfn,0.2461864948272705,,,,,6.873750451798784,0.45437997083197934,,
openml:531,regression,336,13,block_shift,0.3,0.2818485861964123,4,source,1.0,tabpfn,0.3510751724243164,,,,,7.3112011246344615,0.3822405955458257,,
openml:531,regression,388,13,block_shift,0.5,0.46153846153846156,4,source,4.0,tabpfn,0.2972095012664795,,,,,5.76777111285565,0.6158340959860975,,
