dataset,task,n_train,n_features,mechanism,rate,actual_rate,seed,split,held_out_source,model,seconds,error,acc,logloss,auc
breast_cancer,classification,398,30,none,0.0,0.0,0,random,,tabicl_aware,1.6215734481811523,,0.9824561403508771,0.0658333579861942,0.9957651869158879
breast_cancer,classification,398,30,block,0.3,0.25061511423550087,0,random,,tabicl_aware,0.39065122604370117,,0.9824561403508771,0.0935559320347778,0.992552570093458
breast_cancer,classification,398,30,block,0.5,0.4859988283538371,0,random,,tabicl_aware,0.3226737976074219,,0.9707602339181286,0.10147327121785807,0.9908002336448598
breast_cancer,classification,398,30,block_shift,0.3,0.283128295254833,0,random,,tabicl_aware,0.2938358783721924,,0.9590643274853801,0.11254929311735325,0.9894859813084113
breast_cancer,classification,398,30,block_shift,0.5,0.49279437609841825,0,random,,tabicl_aware,0.29288768768310547,,0.9415204678362573,0.1252287069518834,0.9905081775700935
breast_cancer,classification,398,30,none,0.0,0.0,1,random,,tabicl_aware,0.33629298210144043,,0.9590643274853801,0.089128672626382,0.9928446261682243
breast_cancer,classification,398,30,block,0.3,0.2886350322202695,1,random,,tabicl_aware,0.29408836364746094,,0.9766081871345029,0.07053569648199304,0.9956191588785047
breast_cancer,classification,398,30,block,0.5,0.4677211482132396,1,random,,tabicl_aware,0.2936065196990967,,0.9473684210526315,0.10546552115324195,0.9921144859813084
breast_cancer,classification,398,30,block_shift,0.3,0.2895137668424136,1,random,,tabicl_aware,0.2936561107635498,,0.9590643274853801,0.1019556208186356,0.9908002336448598
breast_cancer,classification,398,30,block_shift,0.5,0.4545401288810779,1,random,,tabicl_aware,0.2939436435699463,,0.9415204678362573,0.1216552562679478,0.9905081775700935
breast_cancer,classification,398,30,none,0.0,0.0,2,random,,tabicl_aware,0.2938499450683594,,0.9824561403508771,0.041359387683524144,0.999123831775701
breast_cancer,classification,398,30,block,0.3,0.26719390743995314,2,random,,tabicl_aware,0.29548025131225586,,0.9883040935672515,0.0450429527562482,0.9994158878504673
breast_cancer,classification,398,30,block,0.5,0.4555360281195079,2,random,,tabicl_aware,0.29499220848083496,,0.9883040935672515,0.03699394012234236,0.9994158878504673
breast_cancer,classification,398,30,block_shift,0.3,0.21745752782659636,2,random,,tabicl_aware,0.29058289527893066,,0.9649122807017544,0.06986898524298639,0.9973714953271028
breast_cancer,classification,398,30,block_shift,0.5,0.47685998828353837,2,random,,tabicl_aware,0.2819511890411377,,1.0,0.0472042129188842,1.0
breast_cancer,classification,398,30,none,0.0,0.0,3,random,,tabicl_aware,0.2794456481933594,,0.9590643274853801,0.08584301140436772,0.9948890186915889
breast_cancer,classification,398,30,block,0.3,0.3,3,random,,tabicl_aware,0.2834315299987793,,0.9824561403508771,0.044135472861872645,0.9998539719626168
breast_cancer,classification,398,30,block,0.5,0.4678968951376684,3,random,,tabicl_aware,0.28182101249694824,,0.9824561403508771,0.05841969867691121,0.9981016355140186
breast_cancer,classification,398,30,block_shift,0.3,0.3,3,random,,tabicl_aware,0.3216681480407715,,0.9707602339181286,0.07976717629199337,0.9951810747663551
breast_cancer,classification,398,30,block_shift,0.5,0.4450497949619215,3,random,,tabicl_aware,0.28157567977905273,,0.9707602339181286,0.08953625023714895,0.994304906542056
breast_cancer,classification,398,30,none,0.0,0.0,4,random,,tabicl_aware,0.281696081161499,,0.9941520467836257,0.028048153591650228,1.0
breast_cancer,classification,398,30,block,0.3,0.28904510837727004,4,random,,tabicl_aware,0.2826812267303467,,0.9824561403508771,0.049682975232518134,0.9985397196261683
breast_cancer,classification,398,30,block,0.5,0.5,4,random,,tabicl_aware,0.2820014953613281,,0.9707602339181286,0.06849963091176563,0.9970794392523364
breast_cancer,classification,398,30,block_shift,0.3,0.3,4,random,,tabicl_aware,0.28090739250183105,,0.9590643274853801,0.07649663394018726,0.9972254672897196
breast_cancer,classification,398,30,block_shift,0.5,0.48734622144112477,4,random,,tabicl_aware,0.28058958053588867,,0.9883040935672515,0.060273318797724455,0.9985397196261683
wine,classification,124,13,none,0.0,0.0,0,random,,tabicl_aware,0.24931907653808594,,1.0,0.006081201697210956,1.0
wine,classification,124,13,block,0.3,0.2662057044079516,0,random,,tabicl_aware,0.2535111904144287,,1.0,0.012509896150449644,1.0
wine,classification,124,13,block,0.5,0.44857389801210024,0,random,,tabicl_aware,0.2557070255279541,,0.9444444444444444,0.14059699866670095,0.9944091916314138
wine,classification,124,13,block_shift,0.3,0.2662057044079516,0,random,,tabicl_aware,0.2543060779571533,,1.0,0.022564587694945074,1.0
wine,classification,124,13,block_shift,0.5,0.46153846153846156,0,random,,tabicl_aware,0.2564547061920166,,0.9814814814814815,0.11745633517203305,0.9985569985569985
wine,classification,124,13,none,0.0,0.0,1,random,,tabicl_aware,0.2515847682952881,,0.9814814814814815,0.03206409015040618,1.0
wine,classification,124,13,block,0.3,0.287381158167675,1,random,,tabicl_aware,0.2534968852996826,,0.9629629629629629,0.06577010280653812,0.9995189995189996
wine,classification,124,13,block,0.5,0.4373379429559205,1,random,,tabicl_aware,0.2986481189727783,,0.9629629629629629,0.07372522355090529,1.0
wine,classification,124,13,block_shift,0.3,0.27787381158167673,1,random,,tabicl_aware,0.25255775451660156,,0.9074074074074074,0.2214901428664477,0.9855287716398827
wine,classification,124,13,block_shift,0.5,0.4131374243733794,1,random,,tabicl_aware,0.2534370422363281,,0.9814814814814815,0.08288263946733047,1.0
wine,classification,124,13,none,0.0,0.0,2,random,,tabicl_aware,0.252521276473999,,0.9814814814814815,0.04400095806790619,1.0
wine,classification,124,13,block,0.3,0.23076923076923078,2,random,,tabicl_aware,0.2513139247894287,,0.9444444444444444,0.09610742502389685,1.0
wine,classification,124,13,block,0.5,0.43215211754537597,2,random,,tabicl_aware,0.2522134780883789,,0.9259259259259259,0.2519898982624002,0.9860097721208833
wine,classification,124,13,block_shift,0.3,0.27095937770095074,2,random,,tabicl_aware,0.2524549961090088,,0.9629629629629629,0.10288225238686881,0.9955373844262733
wine,classification,124,13,block_shift,0.5,0.43215211754537597,2,random,,tabicl_aware,0.25224947929382324,,0.8703703703703703,0.4723194419670079,0.9475018808352141
wine,classification,124,13,none,0.0,0.0,3,random,,tabicl_aware,0.25177526473999023,,1.0,0.005366994643196383,1.0
wine,classification,124,13,block,0.3,0.3076923076923077,3,random,,tabicl_aware,0.2523505687713623,,1.0,0.012095116203344766,1.0
wine,classification,124,13,block,0.5,0.46153846153846156,3,random,,tabicl_aware,0.2531769275665283,,0.9814814814814815,0.07744937376601363,1.0
wine,classification,124,13,block_shift,0.3,0.3076923076923077,3,random,,tabicl_aware,0.2531111240386963,,0.9629629629629629,0.05068075657575856,1.0
wine,classification,124,13,block_shift,0.5,0.43604148660328435,3,random,,tabicl_aware,0.2543480396270752,,0.9814814814814815,0.05427668242506325,1.0
wine,classification,124,13,none,0.0,0.0,4,random,,tabicl_aware,0.2933189868927002,,0.9814814814814815,0.025917384883280156,1.0
wine,classification,124,13,block,0.3,0.3076923076923077,4,random,,tabicl_aware,0.2562882900238037,,0.9444444444444444,0.14752360971749837,0.9932141932141931
wine,classification,124,13,block,0.5,0.46153846153846156,4,random,,tabicl_aware,0.2534465789794922,,0.9259259259259259,0.18630440746624752,0.996510793733016
wine,classification,124,13,block_shift,0.3,0.28003457216940364,4,random,,tabicl_aware,0.2527732849121094,,0.9629629629629629,0.11729922415678906,0.9963665963665963
wine,classification,124,13,block_shift,0.5,0.46153846153846156,4,random,,tabicl_aware,0.25269484519958496,,0.9074074074074074,0.15555353696656027,0.998523595745818
openml:31,classification,700,20,none,0.0,0.0,0,random,,tabicl_aware,0.297182559967041,,0.7833333333333333,0.4490948736831435,0.8419047619047619
openml:31,classification,700,20,block,0.3,0.27515,0,random,,tabicl_aware,0.2985820770263672,,0.7766666666666666,0.46952595279529435,0.817989417989418
openml:31,classification,700,20,block,0.5,0.5,0,random,,tabicl_aware,0.29917001724243164,,0.71,0.5533594458869767,0.7048677248677249
openml:31,classification,700,20,block_shift,0.3,0.27515,0,random,,tabicl_aware,0.29889559745788574,,0.7566666666666667,0.5196586781112523,0.7599470899470899
openml:31,classification,700,20,block_shift,0.5,0.48935,0,random,,tabicl_aware,0.2986416816711426,,0.7,0.5571319696742781,0.7053439153439154
openml:31,classification,700,20,none,0.0,0.0,1,random,,tabicl_aware,0.2986743450164795,,0.7633333333333333,0.4647443075579692,0.8233333333333335
openml:31,classification,700,20,block,0.3,0.2832,1,random,,tabicl_aware,0.29886627197265625,,0.7533333333333333,0.4989737576771032,0.7869312169312169
openml:31,classification,700,20,block,0.5,0.4316,1,random,,tabicl_aware,0.3012404441833496,,0.72,0.5184326076446951,0.7635978835978836
openml:31,classification,700,20,block_shift,0.3,0.3,1,random,,tabicl_aware,0.3440818786621094,,0.7366666666666667,0.5183246223426767,0.7673544973544975
openml:31,classification,700,20,block_shift,0.5,0.434,1,random,,tabicl_aware,0.30507397651672363,,0.72,0.5299087140229528,0.7596296296296295
openml:31,classification,700,20,none,0.0,0.0,2,random,,tabicl_aware,0.2971005439758301,,0.7933333333333333,0.46522231221834964,0.8196296296296297
openml:31,classification,700,20,block,0.3,0.2746,2,random,,tabicl_aware,0.29950881004333496,,0.7833333333333333,0.47391809724546874,0.8155026455026456
openml:31,classification,700,20,block,0.5,0.45015,2,random,,tabicl_aware,0.30034446716308594,,0.72,0.5504708526224646,0.7120105820105821
openml:31,classification,700,20,block_shift,0.3,0.3,2,random,,tabicl_aware,0.30035829544067383,,0.76,0.5155128117930174,0.7641798941798942
openml:31,classification,700,20,block_shift,0.5,0.48355,2,random,,tabicl_aware,0.300351619720459,,0.76,0.529552633439385,0.7431216931216931
openml:31,classification,700,20,none,0.0,0.0,3,random,,tabicl_aware,0.29731059074401855,,0.7833333333333333,0.5013425321718957,0.7792063492063491
openml:31,classification,700,20,block,0.3,0.3,3,random,,tabicl_aware,0.30112242698669434,,0.73,0.5613425374414414,0.7042328042328042
openml:31,classification,700,20,block,0.5,0.467,3,random,,tabicl_aware,0.30176639556884766,,0.74,0.5704148340772023,0.6866666666666665
openml:31,classification,700,20,block_shift,0.3,0.3,3,random,,tabicl_aware,0.30091166496276855,,0.73,0.5364368820172762,0.7371957671957672
openml:31,classification,700,20,block_shift,0.5,0.4844,3,random,,tabicl_aware,0.30350828170776367,,0.73,0.5700695342603157,0.6850264550264551
openml:31,classification,700,20,none,0.0,0.0,4,random,,tabicl_aware,0.3061404228210449,,0.7566666666666667,0.4694629961578829,0.8135449735449736
openml:31,classification,700,20,block,0.3,0.3,4,random,,tabicl_aware,0.3400402069091797,,0.7,0.5419317377988839,0.7247619047619048
openml:31,classification,700,20,block,0.5,0.5,4,random,,tabicl_aware,0.2976346015930176,,0.7266666666666667,0.5335386471302502,0.7494179894179894
openml:31,classification,700,20,block_shift,0.3,0.2841,4,random,,tabicl_aware,0.2973012924194336,,0.7766666666666666,0.4589280696993467,0.8229629629629629
openml:31,classification,700,20,block_shift,0.5,0.4896,4,random,,tabicl_aware,0.2958536148071289,,0.7333333333333333,0.5245629933570467,0.7444444444444445
openml:1590,classification,2100,14,none,0.0,0.0,0,random,,tabicl_aware,0.3733382225036621,,0.8555555555555555,0.3057131122519601,0.9066391954381685
openml:1590,classification,2100,14,block,0.3,0.216,0,random,,tabicl_aware,0.398545503616333,,0.8633333333333333,0.3137798678357359,0.9024475871655935
openml:1590,classification,2100,14,block,0.5,0.5,0,random,,tabicl_aware,0.3283419609069824,,0.8311111111111111,0.37127478387327933,0.8589073448892168
openml:1590,classification,2100,14,block_shift,0.3,0.24914285714285714,0,random,,tabicl_aware,0.32071709632873535,,0.8488888888888889,0.32756311252703313,0.8941140174189339
openml:1590,classification,2100,14,block_shift,0.5,0.5,0,random,,tabicl_aware,0.3204514980316162,,0.8022222222222222,0.4183979107594184,0.8159522255950524
openml:1590,classification,2100,14,none,0.0,0.0,1,random,,tabicl_aware,0.31601905822753906,,0.87,0.29770616698045616,0.9114974892904764
openml:1590,classification,2100,14,block,0.3,0.2857142857142857,1,random,,tabicl_aware,0.3249983787536621,,0.8588888888888889,0.3085971209873239,0.9025078725637606
openml:1590,classification,2100,14,block,0.5,0.4756190476190476,1,random,,tabicl_aware,0.32422685623168945,,0.8422222222222222,0.34230417573340105,0.8773972311271242
openml:1590,classification,2100,14,block_shift,0.3,0.2618333333333333,1,random,,tabicl_aware,0.32162928581237793,,0.8566666666666667,0.3262179819280748,0.8927203608613011
openml:1590,classification,2100,14,block_shift,0.5,0.4756190476190476,1,random,,tabicl_aware,0.32082390785217285,,0.8433333333333334,0.3425778687808055,0.8793015404692331
openml:1590,classification,2100,14,none,0.0,0.0,2,random,,tabicl_aware,0.3599083423614502,,0.8688888888888889,0.28772734966003277,0.9172565179154019
openml:1590,classification,2100,14,block,0.3,0.21428571428571427,2,random,,tabicl_aware,0.3269069194793701,,0.8733333333333333,0.29123109480732345,0.914791908990326
openml:1590,classification,2100,14,block,0.5,0.5,2,random,,tabicl_aware,0.3245809078216553,,0.8255555555555556,0.35337081952485,0.874109903827059
openml:1590,classification,2100,14,block_shift,0.3,0.2507857142857143,2,random,,tabicl_aware,0.32306718826293945,,0.85,0.3142010672469334,0.9015042979942692
openml:1590,classification,2100,14,block_shift,0.5,0.4522857142857143,2,random,,tabicl_aware,0.32135915756225586,,0.8433333333333334,0.3498738527562078,0.8762801781610825
openml:1590,classification,2100,14,none,0.0,0.0,3,random,,tabicl_aware,0.325350284576416,,0.8633333333333333,0.3006417692114767,0.9103378819257284
openml:1590,classification,2100,14,block,0.3,0.2857142857142857,3,random,,tabicl_aware,0.32782745361328125,,0.8588888888888889,0.317483758147375,0.8985893216828846
openml:1590,classification,2100,14,block,0.5,0.4276190476190476,3,random,,tabicl_aware,0.32777905464172363,,0.8211111111111111,0.37441918103282934,0.8560384691764304
openml:1590,classification,2100,14,block_shift,0.3,0.2857142857142857,3,random,,tabicl_aware,0.32249903678894043,,0.8566666666666667,0.3243854577591977,0.8920217594825385
openml:1590,classification,2100,14,block_shift,0.5,0.45280952380952383,3,random,,tabicl_aware,0.3227047920227051,,0.8444444444444444,0.36199429432808544,0.8644606939203948
openml:1590,classification,2100,14,none,0.0,0.0,4,random,,tabicl_aware,0.31851625442504883,,0.8577777777777778,0.2942891757177281,0.9143025334052028
openml:1590,classification,2100,14,block,0.3,0.2857142857142857,4,random,,tabicl_aware,0.32534170150756836,,0.8511111111111112,0.34990449239910515,0.8762198927629153
openml:1590,classification,2100,14,block,0.5,0.48595238095238097,4,random,,tabicl_aware,0.3259272575378418,,0.8377777777777777,0.34913844507635716,0.8754326363868479
openml:1590,classification,2100,14,block_shift,0.3,0.2857142857142857,4,random,,tabicl_aware,0.3660283088684082,,0.8466666666666667,0.3270375498282181,0.895259439984113
openml:1590,classification,2100,14,block_shift,0.5,0.5,4,random,,tabicl_aware,0.3237886428833008,,0.8355555555555556,0.36236461473602427,0.8653827058923658
