dataset,task,mechanism,rate,model,rmse,r2,coverage80,width80,rmse_std,r2_std,coverage80_std,width80_std,n_fits
diabetes,regression,block,0.3,tabicl_aware,62.6144794749368,0.3524860038447162,0.7423519848478211,1.9432259941118346,2.9434462786520066,0.04245373110831391,0.0539374112751307,0.13752615559211878,5
diabetes,regression,block,0.3,tabicl_aware_n32_ypow,62.541265970515916,0.3539883142676132,0.7461529709527067,1.9453914262598258,2.926162975633671,0.04238329093569519,0.04963779096649743,0.13287270429437695,5
diabetes,regression,block,0.5,tabicl_aware,64.27389608902718,0.28260164157371825,0.8002119649038765,2.242356347995563,2.5632773948332073,0.08311605729615432,0.03468734035097995,0.19948688515746432,5
diabetes,regression,block,0.5,tabicl_aware_n32_ypow,64.20041547930461,0.2845682625300278,0.8052158368708356,2.243067833505637,2.307449960431949,0.07763005434521655,0.03149559370022021,0.2035399566875663,5
diabetes,regression,block_shift,0.3,tabicl_aware,65.7984665228423,0.27795439249167675,0.7063742229131363,1.876244556487989,8.39111154343131,0.1750970068567641,0.10458764095169751,0.288334485630511,5
diabetes,regression,block_shift,0.3,tabicl_aware_n32_ypow,65.84286929187478,0.2769463766515873,0.7066894562105113,1.8760631039803672,8.434714454266466,0.17566294216310355,0.09956023119925864,0.28967430227576957,5
diabetes,regression,block_shift,0.5,tabicl_aware,65.07698092908818,0.26728965559701173,0.8092785666466528,2.222228100430699,4.474405307041081,0.07579269710119153,0.03566836442332202,0.1164476941983848,5
diabetes,regression,block_shift,0.5,tabicl_aware_n32_ypow,65.05266589424244,0.267885604528402,0.8068533268975875,2.2210899037215794,4.492775836699424,0.0753601974920491,0.03408896699738937,0.12881617919244837,5
diabetes,regression,none,0.0,tabicl_aware,56.045494041663254,0.4771628308144623,0.7729323308270677,1.7116098684737735,3.6014377525725534,0.04296940884857156,0.05586218231881718,0.11304346874092415,5
diabetes,regression,none,0.0,tabicl_aware_n32_ypow,56.10252483687625,0.4761094528166844,0.7669172932330828,1.7135896230094079,3.6408902515438983,0.04337570320920283,0.05473766834045503,0.114326250349371,5
openml:189,regression,block,0.3,tabicl_aware,0.21362650936933575,0.33032840484676795,0.7626571901470348,1.9602408096223514,0.03002672144671199,0.19623029380242757,0.053183123141796886,0.21666071472897425,5
openml:189,regression,block,0.3,tabicl_aware_n32_ypow,0.21360285993285583,0.33043416993859187,0.7636426024020845,1.9605686505174702,0.03007187578061767,0.19652877686252507,0.05513273121055845,0.22167599542567812,5
openml:189,regression,block,0.5,tabicl_aware,0.24964626898574233,0.07781735939235805,0.7887904770811025,2.478756392885546,0.007462816940306443,0.061240174180717574,0.022300217081947293,0.10323767294486778,5
openml:189,regression,block,0.5,tabicl_aware_n32_ypow,0.24940901328843754,0.07952764879137071,0.7916276577812402,2.4840913933830007,0.007601567456715284,0.06233976005577864,0.020670440233355264,0.1084130439475641,5
openml:189,regression,block_shift,0.3,tabicl_aware,0.23397752415011647,0.1991943166977684,0.7661458456298977,2.1993705152012124,0.02852275768238674,0.21405024303896658,0.06277666934144346,0.38300479378521324,5
openml:189,regression,block_shift,0.3,tabicl_aware_n32_ypow,0.23399124741106822,0.1990571479184539,0.7665514513875367,2.2013377691911895,0.02866418298355464,0.21465503246036785,0.06431068524593926,0.3837028858758983,5
openml:189,regression,block_shift,0.5,tabicl_aware,0.23450772462066297,0.18500879520894822,0.7966929052274528,2.3707212847124666,0.018045341865016974,0.11135951988690396,0.04344950611046763,0.23277770205077658,5
openml:189,regression,block_shift,0.5,tabicl_aware_n32_ypow,0.23434032117578574,0.18613798422257816,0.7941684220333748,2.3598099714631027,0.01797416617610324,0.11135022116847645,0.043661168297857954,0.23558101413811075,5
openml:189,regression,none,0.0,tabicl_aware,0.07579122162121281,0.9158645244678596,0.8066666666666666,0.7286756256568774,0.001858388041178389,0.005722269229543984,0.009938079899999067,0.01014793716605222,5
openml:189,regression,none,0.0,tabicl_aware_n32_ypow,0.07558307580575327,0.9163242135524042,0.8057777777777778,0.7277753081301036,0.001883005712590277,0.005748107812569572,0.009825640430859631,0.011741179393390182,5
openml:42225,regression,block,0.3,tabicl_aware,2415.083804829049,0.5870533497499435,0.8063608883080254,0.8715733739767074,1152.7495261736326,0.39477713943270304,0.2449696146551603,0.07568667628773791,5
openml:42225,regression,block,0.3,tabicl_aware_n32_ypow,2349.4473226142786,0.6031597948668033,0.7990387197684397,0.8554091050368561,1176.3700838440116,0.40045829100756297,0.2538252427512629,0.07407683662324353,5
openml:42225,regression,block,0.5,tabicl_aware,1444.5659404658563,0.861745056693022,0.9266418644529061,0.8135986686989654,129.02662334799464,0.028720215842955834,0.032712590890450456,0.1273775684904268,5
openml:42225,regression,block,0.5,tabicl_aware_n32_ypow,1405.6506802933131,0.8694507038016533,0.9314856786666285,0.8199205808803594,104.22572827362049,0.022202312680226714,0.03409076960095159,0.12414938930985668,5
openml:42225,regression,block_shift,0.3,tabicl_aware,2014.6187513144705,0.7431117159138282,0.7883128609052631,0.8898209167605108,483.23507739844547,0.12688968124227146,0.11436769399951528,0.24458144953047617,5
openml:42225,regression,block_shift,0.3,tabicl_aware_n32_ypow,1977.873018401952,0.7527976654809875,0.7989794873280429,0.8969182595988532,472.727451364737,0.11984947001877755,0.10564865538051903,0.24304799844158173,5
openml:42225,regression,block_shift,0.5,tabicl_aware,2181.015764405899,0.6765109291503629,0.7676832829157497,1.039493890501917,517.9305921655632,0.13020123940211334,0.09533088469121362,0.3252346383040584,5
openml:42225,regression,block_shift,0.5,tabicl_aware_n32_ypow,2158.414876079256,0.6856782013941027,0.7689092349766159,1.0380982748310021,464.3832640682067,0.11838364875205111,0.10449211090405422,0.30436187445602647,5
openml:42225,regression,none,0.0,tabicl_aware,620.4692542788607,0.9749622893594483,0.8142222222222222,0.23368127561913643,69.16540413798322,0.005215855889187961,0.015662331945636574,0.010685265498172072,5
openml:42225,regression,none,0.0,tabicl_aware_n32_ypow,614.978835270029,0.9754003113363119,0.8162222222222223,0.2340074390517747,70.14214565129765,0.0052483552985670345,0.02107599418447912,0.010532057621153149,5
openml:44970,regression,block,0.3,tabicl_aware,1.0703996388947936,0.4202564198331342,0.8280080066788791,1.9940420895796709,0.13551040589291133,0.1276972613364987,0.04615421268690485,0.13941100815979274,5
openml:44970,regression,block,0.3,tabicl_aware_n32_ypow,1.0693744418593518,0.4212895004252138,0.8282070785918915,1.9938564858405734,0.13658755036417056,0.12860502956951725,0.04552774860862401,0.13432768728210473,5
openml:44970,regression,block,0.5,tabicl_aware,1.1362551082598444,0.3350578128254501,0.8194861965343894,2.0282302749272274,0.11378359126418118,0.16527128580570058,0.04626218905310214,0.29696302861580753,5
openml:44970,regression,block,0.5,tabicl_aware_n32_ypow,1.1375767454261154,0.33355548990504047,0.8182813772572809,2.024162145242936,0.11301889053147032,0.16474949123783938,0.045756346674310416,0.2898205860233193,5
openml:44970,regression,block_shift,0.3,tabicl_aware,1.1461067571758705,0.33913683977531545,0.8070906059510718,1.9756604461795644,0.08733111250147044,0.08225337167009508,0.029384951136191415,0.14048405151859233,5
openml:44970,regression,block_shift,0.3,tabicl_aware_n32_ypow,1.145897032508185,0.3394107869656783,0.8048004731257897,1.9796107603077089,0.08793268448068543,0.08235874797194978,0.02966774558317867,0.14070843910737935,5
openml:44970,regression,block_shift,0.5,tabicl_aware,1.3394136171038205,0.08751256956353264,0.7035501661197889,2.002400837204644,0.03514008169171328,0.09593690379181265,0.09345496182486206,0.16761070749372603,5
openml:44970,regression,block_shift,0.5,tabicl_aware_n32_ypow,1.340991932524294,0.0851798367302544,0.7014668327864555,1.9988142187578606,0.03725816840161343,0.09865858880126989,0.09138295598076564,0.164257180965814,5
openml:44970,regression,none,0.0,tabicl_aware,0.8391383148239682,0.669066444724562,0.7934065934065935,1.1998132495002858,0.012147237392011732,0.018408394604016408,0.020493187883808616,0.03257240169946892,5
openml:44970,regression,none,0.0,tabicl_aware_n32_ypow,0.8378558334293853,0.6700903862610558,0.7926739926739927,1.200175487312477,0.012090335421144764,0.018025309055897696,0.01948635322823503,0.031675494552817374,5
openml:507,regression,block,0.3,tabicl_aware,0.19422423390002092,-0.1257408786872839,0.8349310474418961,2.515460938843435,0.07139974603241474,0.9946469914473108,0.035960927662123235,0.7607080581041324,5
openml:507,regression,block,0.3,tabicl_aware_n32_ypow,0.19012710789797865,-0.05709207831526695,0.8360551196303707,2.5199261369578063,0.06372343966151994,0.8568468424571827,0.03624952459038465,0.7629640117543233,5
openml:507,regression,block,0.5,tabicl_aware,0.18458078421173668,0.2111555242442183,0.8029594864525056,2.001461699284561,0.016973038204787735,0.11169731297079002,0.05499229671378839,0.1822667803112231,5
openml:507,regression,block,0.5,tabicl_aware_n32_ypow,0.18524349106003063,0.2054109815101796,0.8034908219851493,2.0155095790428748,0.016394853930318035,0.10928003263434977,0.057360140756112406,0.1893602316366696,5
openml:507,regression,block_shift,0.3,tabicl_aware,0.20642792247673922,-0.19388861617870265,0.7862653338243536,2.372083997160863,0.06439745271905131,0.811947419753578,0.06644505630412097,0.8806458203543722,5
openml:507,regression,block_shift,0.3,tabicl_aware_n32_ypow,0.21696245959365537,-0.329065039597164,0.7858009457831399,2.392440355650068,0.06889168879571986,0.8971647694982899,0.06793237467110473,0.896023889687008,5
openml:507,regression,block_shift,0.5,tabicl_aware,0.18616455559710515,0.1970768740584841,0.7861576610178675,1.9724460526486438,0.013030569439873463,0.09908664932020098,0.07186393394302087,0.24318892383399093,5
openml:507,regression,block_shift,0.5,tabicl_aware_n32_ypow,0.18592476262370208,0.19925067195884197,0.7870992566054843,1.9778432046037508,0.012887989679843974,0.09749310715680672,0.07038670898345291,0.23752851361352814,5
openml:507,regression,none,0.0,tabicl_aware,0.10775705328434612,0.7371357779450142,0.7782222222222221,0.966776967362955,0.011729588368450913,0.027662674163106696,0.009956696363208815,0.07023670606200219,5
openml:507,regression,none,0.0,tabicl_aware_n32_ypow,0.1080473250906907,0.7357520122637687,0.7791111111111111,0.9675071022168916,0.011768974171053237,0.027414569094480604,0.011951548275133214,0.07165333286709533,5
openml:531,regression,block,0.3,tabicl_aware,5.330234255746394,0.6624906300705085,0.7650120737950352,1.139278360587149,0.7468017875120979,0.12118131841143238,0.05561744276010154,0.37783583078335964,5
openml:531,regression,block,0.3,tabicl_aware_n32_ypow,5.2322210398992155,0.6740449645331956,0.7713964666326301,1.1378207830697935,0.7542935941253417,0.12357652180348726,0.05829587173401095,0.3679098005227431,5
openml:531,regression,block,0.5,tabicl_aware,5.592546310274928,0.6355904612665845,0.8136327778789745,1.2096240469749806,0.5458935526675334,0.08016175440287232,0.04159330067034651,0.11970543455945638,5
openml:531,regression,block,0.5,tabicl_aware_n32_ypow,5.5848746583113025,0.6360501074977717,0.8199119417821757,1.22725034114064,0.5341868192703759,0.08189494438335566,0.04106102867471296,0.12737318778861476,5
openml:531,regression,block_shift,0.3,tabicl_aware,5.610011291574734,0.6345346326256784,0.7611053156894942,1.319342419051544,0.43725926931409376,0.06034801761566191,0.0839848197257983,0.21146756135843497,5
openml:531,regression,block_shift,0.3,tabicl_aware_n32_ypow,5.6476974962503785,0.6292210778136409,0.7630671578976418,1.32100601706041,0.4889496814928688,0.06646326624334586,0.08420985937057966,0.20711820123057664,5
openml:531,regression,block_shift,0.5,tabicl_aware,6.689096105982242,0.46925136252703065,0.8104263879919789,1.5179012131027014,1.2455436309911303,0.19382474796344548,0.07250048272876873,0.32810064087255686,5
openml:531,regression,block_shift,0.5,tabicl_aware_n32_ypow,6.694013909311016,0.4686888929987978,0.8123843966918795,1.51306648092296,1.2739995181412764,0.19585774435230183,0.07259720966781376,0.29931861106332125,5
openml:531,regression,none,0.0,tabicl_aware,2.693102125439476,0.9032083667914799,0.7776315789473685,0.5877554216100993,0.46848264906258186,0.028852924526927094,0.03367495761070981,0.028953062495081366,5
openml:531,regression,none,0.0,tabicl_aware_n32_ypow,2.682370343801375,0.9038567852538367,0.7776315789473685,0.5871163958634175,0.45792863876603185,0.028875523306113513,0.03524498746310228,0.027770289700089587,5
openml:560,regression,block,0.3,tabicl_aware,4.3323634112134695,0.6439895925256891,0.592844555751712,0.6639189493821871,3.180873865277407,0.35338067573896736,0.38997505117426023,0.6622361217807987,5
openml:560,regression,block,0.3,tabicl_aware_n32_ypow,4.193659931884623,0.670228620443891,0.6444964713625294,0.737936236570632,2.981047104041549,0.31454989214599244,0.3437281525048609,0.6358377493648795,5
openml:560,regression,block,0.5,tabicl_aware,5.035361219993645,0.567689224622604,0.7632767615628988,1.4148593665008276,2.1422951990837307,0.24558602297970017,0.10462060460848631,0.5863668655165089,5
openml:560,regression,block,0.5,tabicl_aware_n32_ypow,4.958369236675331,0.5792531913010553,0.7683974399712484,1.419712489214328,2.1248638313846775,0.23596427053917973,0.10257252000448704,0.6023397236489682,5
openml:560,regression,block_shift,0.3,tabicl_aware,3.805335991540788,0.7327426453250449,0.6975813416423943,0.8813936469921904,2.8209460877846175,0.3659032365493276,0.20511437104076322,0.18848070788076524,5
openml:560,regression,block_shift,0.3,tabicl_aware_n32_ypow,3.875129038833419,0.7267184515213045,0.6664090107639812,0.8597423691888295,2.787595038156043,0.36541168103494176,0.20884958412222565,0.18433093045613583,5
openml:560,regression,block_shift,0.5,tabicl_aware,5.623307747294835,0.500908648310387,0.7211561766555707,1.5323206259825255,1.952920485694732,0.2423609136363664,0.16501881043821112,0.3790680823985233,5
openml:560,regression,block_shift,0.5,tabicl_aware_n32_ypow,5.588881621257814,0.5076886817873218,0.7169895099889041,1.5441870423527053,1.9263830862006208,0.2366187547229432,0.17210962648118594,0.3983406006955231,5
openml:560,regression,none,0.0,tabicl_aware,1.738367465810596,0.9467935451769174,0.8657894736842104,0.07214440735722234,0.599691284813441,0.029100766604017177,0.035306336486838806,0.02866991342849865,5
openml:560,regression,none,0.0,tabicl_aware_n32_ypow,1.7335475344181066,0.9468279490573124,0.8657894736842107,0.07259259567967344,0.6198186571657317,0.02917181353664555,0.046890867582119626,0.029119036720426393,5
